examen,sesiune,nume,document
consultant-fiscal,2025-noiembrie,Sesiunea noiembrie 2025,https://www.ccfiscali.ro/content/examen/chestionare-grile/2025%20noiembrie%20subiecte%20si%20raspunsuri%20cons.fiscali.pdf
consultant-fiscal,2024-noiembrie,Sesiunea noiembrie 2024,https://www.ccfiscali.ro/wp-content/uploads/2020/11/2024-noiembrie-subiecte-si-raspunsuri-cons.fiscali.pdf
consultant-fiscal,2023-noiembrie,Sesiunea noiembrie 2023,https://www.ccfiscali.ro/wp-content/uploads/2020/11/2023-noiembrie-subiecte-si-raspunsuri-var.std-cons.fiscali.pdf
consultant-fiscal,2022-noiembrie,Sesiunea noiembrie 2022,https://www.ccfiscali.ro/wp-content/uploads/2020/11/2022-noiembrie-subiecte-si-raspunsuri-var.std-cons.fiscali.pdf
consultant-fiscal,2021-noiembrie,Sesiunea noiembrie 2021,https://www.ccfiscali.ro/wp-content/uploads/2020/11/2021-noiembrie-subiecte-si-raspunsuri-var.std-cons.fiscali.pdf
consultant-fiscal,2020-noiembrie,Sesiunea noiembrie 2020,https://www.ccfiscali.ro/wp-content/uploads/2020/11/2020-noiembrie-subiecte-si-raspunsuri-var.std-cons.fiscali.pdf
consultant-fiscal-asistent,2025-noiembrie,Sesiunea noiembrie 2025,https://www.ccfiscali.ro/content/examen/chestionare-grile/2025%20noiembrie%20subiecte%20si%20raspunsuri%20cf%20asistenti.pdf
consultant-fiscal-asistent,2024-noiembrie,Sesiunea noiembrie 2024,https://www.ccfiscali.ro/wp-content/uploads/2020/11/2024-noiembrie-subiecte-si-raspunsuri-cf-asistenti.pdf
consultant-fiscal-asistent,2023-noiembrie,Sesiunea noiembrie 2023,https://www.ccfiscali.ro/wp-content/uploads/2020/11/2023-noiembrie-subiecte-si-raspunsuri-var.std-cf-asistenti.pdf
consultant-fiscal-asistent,2022-noiembrie,Sesiunea noiembrie 2022,https://www.ccfiscali.ro/wp-content/uploads/2020/11/2022-noiembrie-subiecte-si-raspunsuri-var.std-cf-asistenti.pdf
consultant-fiscal-asistent,2021-noiembrie,Sesiunea noiembrie 2021,https://www.ccfiscali.ro/wp-content/uploads/2020/11/2021-noiembrie-subiecte-si-raspunsuri-var.std-cf-asistenti.pdf
consultant-fiscal-asistent,2020-noiembrie,Sesiunea noiembrie 2020,https://www.ccfiscali.ro/wp-content/uploads/2020/11/2020-noiembrie-subiecte-si-raspunsuri-var.std-cf-asistenti.pdf
