sectiune,nume,intrebari_url,raspunsuri_url
acceleratori-de-particule,"Acceleratori de particule",https://www.cncan.ro/assets/Surse-de-radiatii-ionizante/permise/Acceleratori-de-particule-AP/ListaintrebariAPV2.0-27.08.2018.pdf,https://www.cncan.ro/assets/Surse-de-radiatii-ionizante/permise/Acceleratori-de-particule-AP/AP-Raspunsuri.pdf
analize-fizice,"Analize fizice",https://www.cncan.ro/assets/Surse-de-radiatii-ionizante/permise/Analize-fizice-AFX/ListaintrebariAFXV2.0-27.08.2018.pdf,https://www.cncan.ro/assets/Surse-de-radiatii-ionizante/permise/Analize-fizice-AFX/AFX-Raspunsuri.pdf
control-bagaje-generatori-rx,"Control bagaje cu generatori RX",https://www.cncan.ro/assets/Surse-de-radiatii-ionizante/permise/Control-Bagaje-Cu-Generatori-Rx-CNDX_CB/Intrebari-CNDXCB.pdf,https://www.cncan.ro/assets/Surse-de-radiatii-ionizante/permise/Control-Bagaje-Cu-Generatori-Rx-CNDX_CB/Raspunsuri-CNDXCB.pdf
control-bagaje-surse-inchise,"Control bagaje cu surse închise",https://www.cncan.ro/assets/Surse-de-radiatii-ionizante/permise/Control-Bagaje-Cu-Surse-Inchise-CNDSI_CB/Intrebari-CNDSICB.pdf,https://www.cncan.ro/assets/Surse-de-radiatii-ionizante/permise/Control-Bagaje-Cu-Surse-Inchise-CNDSI_CB/Raspunsuri-CNDSICB.pdf
curieterapie,"Curieterapie și brahiterapie",https://www.cncan.ro/assets/Surse-de-radiatii-ionizante/permise/Curieterapie-brachiterapie-CRT/ListaintrebariCRTV2.0-27.08.2018.pdf,https://www.cncan.ro/assets/Surse-de-radiatii-ionizante/permise/Curieterapie-brachiterapie-CRT/CRT-Raspunsuri.pdf
ftiziologie,"Ftiziologie",https://www.cncan.ro/assets/Surse-de-radiatii-ionizante/permise/Ftiziologie-RTGF/ListaintrebariRTGFV2.0-27.08.2018.pdf,https://www.cncan.ro/assets/Surse-de-radiatii-ionizante/permise/Ftiziologie-RTGF/RTGF-Raspunsuri.pdf
marcari-si-surse-deschise,"Marcări și surse deschise",https://www.cncan.ro/assets/Surse-de-radiatii-ionizante/permise/Marcari-MSD/ListaintrebariMSDV2.0-27.08.2018.pdf,https://www.cncan.ro/assets/Surse-de-radiatii-ionizante/permise/Marcari-MSD/MSD-Raspunsuri.pdf
medicina-nucleara,"Medicină nucleară",https://www.cncan.ro/assets/Surse-de-radiatii-ionizante/permise/Medicina-nucleara-MN/ListaintrebariMNV2.0-27.08.2018.pdf,https://www.cncan.ro/assets/Surse-de-radiatii-ionizante/permise/Medicina-nucleara-MN/MN-Raspunsuri.pdf
instalatii-industriale-surse-inchise,"Instalații industriale cu surse închise",https://www.cncan.ro/assets/Surse-de-radiatii-ionizante/permise/Montare-reparare-ntretinereverificare---instalatii-industrialeMRIVSI-I/ListaintrebariMRIVSIIV2.0-27.08.2018.pdf,https://www.cncan.ro/assets/Surse-de-radiatii-ionizante/permise/Montare-reparare-ntretinereverificare---instalatii-industrialeMRIVSI-I/MRIVSII-Raspunsuri.pdf
generatori-rx-industriali,"Generatori RX industriali",https://www.cncan.ro/assets/Surse-de-radiatii-ionizante/permise/Montare-reparare-ntretinereverificare---instalatii-industriale-MRIVX-I/ListaintrebariMRIVXIV2.0-27.08.2018.pdf,https://www.cncan.ro/assets/Surse-de-radiatii-ionizante/permise/Montare-reparare-ntretinereverificare---instalatii-industriale-MRIVX-I/MRIVXI-Raspunsuri.pdf
instalatii-medicale-surse-inchise,"Instalații medicale cu surse închise",https://www.cncan.ro/assets/Surse-de-radiatii-ionizante/permise/Montare-reparare-ntretinereverificare---instalatii-medicale-MRIVSI-M/ListaintrebariMRIVSIMV2.0-27.08.2018.pdf,https://www.cncan.ro/assets/Surse-de-radiatii-ionizante/permise/Montare-reparare-ntretinereverificare---instalatii-medicale-MRIVSI-M/MRIVSIM-Raspunsuri.pdf
generatori-rx-medicali,"Generatori RX medicali",https://www.cncan.ro/assets/Surse-de-radiatii-ionizante/permise/Montare-reparare-ntretinereverificare---instalatii-medicale-MRIVX-M/ListaintrebariMRIVXMV2.0-27.08.2018.pdf,https://www.cncan.ro/assets/Surse-de-radiatii-ionizante/permise/Montare-reparare-ntretinereverificare---instalatii-medicale-MRIVX-M/MRIVXM-Raspunsuri.pdf
masurari-si-surse,"Măsurări și surse",https://www.cncan.ro/assets/Surse-de-radiatii-ionizante/permise/Montare-reparare-ntretinereverificare-MRIVSD/ListaintrebariMRIVSDV2.0-27.08.2018.pdf,https://www.cncan.ro/assets/Surse-de-radiatii-ionizante/permise/Montare-reparare-ntretinereverificare-MRIVSD/MRIVSD-Raspunsuri.pdf
radiochimie,"Radiochimie",https://www.cncan.ro/assets/Surse-de-radiatii-ionizante/permise/Radiochimie-RAD/ListaintrebariRADV2.0-27.08.2018.pdf,https://www.cncan.ro/assets/Surse-de-radiatii-ionizante/permise/Radiochimie-RAD/RAD-Raspunsuri.pdf
radiologie-interventionala,"Radiologie intervențională",https://www.cncan.ro/assets/Surse-de-radiatii-ionizante/permise/Radiologie-interventionala-RI/ListaintrebariRIV2.0-27.08.2018.pdf,https://www.cncan.ro/assets/Surse-de-radiatii-ionizante/permise/Radiologie-interventionala-RI/RI-Raspunsuri.pdf
rontgendiagnostic-dentar,"Röntgendiagnostic dentar",https://www.cncan.ro/assets/Surse-de-radiatii-ionizante/permise/Rntgendiagnostic-dentar-RTGD/ListaintrebariRTGDV2.0-27.08.2018.pdf,https://www.cncan.ro/assets/Surse-de-radiatii-ionizante/permise/Rntgendiagnostic-dentar-RTGD/RTGD-Raspunsuri.pdf
rontgendiagnostic,"Röntgendiagnostic",https://www.cncan.ro/assets/Surse-de-radiatii-ionizante/permise/Rntgendiagnostic-RTG/ListaintrebariRTGV2.0-27.08.2018.pdf,https://www.cncan.ro/assets/Surse-de-radiatii-ionizante/permise/Rntgendiagnostic-RTG/RTG-Raspunsuri.pdf
radiologie-veterinara,"Radiologie veterinară",https://www.cncan.ro/assets/Surse-de-radiatii-ionizante/permise/Rntgendiagnostic-veterinar-VET/ListaintrebariVETV2.0-27.08.2018.pdf,https://www.cncan.ro/assets/Surse-de-radiatii-ionizante/permise/Rntgendiagnostic-veterinar-VET/VET-Raspunsuri.pdf
rontgenterapie,"Röntgenterapie",https://www.cncan.ro/assets/Surse-de-radiatii-ionizante/permise/Rntgenterapie-RTT/ListaintrebariRTTV2.0-27.08.2018.pdf,https://www.cncan.ro/assets/Surse-de-radiatii-ionizante/permise/Rntgenterapie-RTT/RTT-Raspunsuri.pdf
terapie-cu-surse-deschise,"Terapie cu surse deschise",https://www.cncan.ro/assets/Surse-de-radiatii-ionizante/permise/Terapie-cu-surse-deschise-TSD/ListaintrebariTSDV2.0-27.08.2018.pdf,https://www.cncan.ro/assets/Surse-de-radiatii-ionizante/permise/Terapie-cu-surse-deschise-TSD/TSD-Raspunsuri.pdf
teleterapie,"Teleterapie și acceleratori",https://www.cncan.ro/assets/Surse-de-radiatii-ionizante/permise/Terapie-terapie-cu-acceleratori-de-particule-TLTA/ListaintrebariTLTAV2.0-27.08.2018.pdf,https://www.cncan.ro/assets/Surse-de-radiatii-ionizante/permise/Terapie-terapie-cu-acceleratori-de-particule-TLTA/TLTA-Raspunsuri.pdf
