sesiune,nume,subiecte,barem
2026-iulie-tip-1,"Tip I — Medicină și Medicină Dentară, iulie 2026",https://www.umft.ro/wp-content/uploads/2026/07/Subiecte-Admitere-TIP-I-26.07.2026.zip,https://www.umft.ro/wp-content/uploads/2026/07/BaremCorecturaConcursAdmitereTip1_26iul26.pdf
2026-septembrie-tip-2,"Tip II — asistență medicală, farmacie și BFKT, septembrie 2026",https://www.umft.ro/wp-content/uploads/2026/09/subiecte_admitere_tip_II_septembrie_2026.pdf,https://www.umft.ro/wp-content/uploads/2026/09/BaremCorecturaConcursAdmitereTipII_3sep26.pdf
2026-iulie-tip-2,"Tip II — asistență medicală, farmacie și BFKT, iulie 2026",https://www.umft.ro/wp-content/uploads/2026/07/Subiecte-Admitere-TIP-II-23.07.2026.zip,https://www.umft.ro/wp-content/uploads/2026/07/BaremCorecturaConcurs_Admitere-Tip-II_23-iulie-2026.pdf
2025-septembrie-tip-2,"Tip II — asistență medicală, farmacie și BFKT, septembrie 2025",https://www.umft.ro/wp-content/uploads/2025/09/Caiet-intrebari-variante-A-D-admitere-tip-II-5-septembrie-2025.zip,https://www.umft.ro/wp-content/uploads/2025/09/Barem-Corectura-Concurs-Admitere-tip-II-septembrie-2025.pdf
2025-iulie-tip-2,"Tip II — asistență medicală, farmacie și BFKT, iulie 2025",https://www.umft.ro/wp-content/uploads/2025/07/Subiecte-admitere-tip-II_15.07.2025.zip,https://www.umft.ro/wp-content/uploads/2025/07/Barem-Corectura-admitere-tip-II_15.07.2025.pdf
2024-iulie-tip-1,"Tip I — Medicină și Medicină Dentară, iulie 2024",https://www.umft.ro/wp-content/uploads/2024/07/subiecte-admitere-tip-I_21.07.2024.zip,https://www.umft.ro/wp-content/uploads/2024/07/Barem-Corectura-Admitere-tip-I_21.07.2024.pdf
2024-iulie-tip-2,"Tip II — asistență medicală, farmacie și BFKT, iulie 2024",https://www.umft.ro/wp-content/uploads/2024/07/subiecte-admitere-tip-II_23.07.2024.zip,https://www.umft.ro/wp-content/uploads/2024/07/Barem-Corectura-Admitere-tip-II_23.07.2024.pdf
2023-iulie-tip-1,"Tip I — Medicină și Medicină Dentară, iulie 2023",https://www.umft.ro/wp-content/uploads/2023/07/Subiecte-si-raspunsuri-admitere-tip-1-23.07.2023.zip,https://www.umft.ro/wp-content/uploads/2023/07/BaremCorecturaConcursAdmitereMGMD_23iul23.pdf
2023-iulie-tip-2,"Tip II — asistență medicală, farmacie și BFKT, iulie 2023",https://www.umft.ro/wp-content/uploads/2023/07/Subiecte-si-raspunsuri-admitere-tip-2-21.07.2023.zip,https://www.umft.ro/wp-content/uploads/2023/07/BaremCorecturaConcursAdmitereSD2023_TIP-2.pdf
